id,logicalLine_code,logiclLine_name,longitude,latitude,name,koName,enName,displayCode
"907","9","9호선","126.8544334","37.5614693","가양","가양","Gayang","907"
"20214","22","인천2호선","126.6730298","37.592865","완정","완정","Wanjeong","I205"
"908","9","9호선","126.8606034","37.5581446","증미","증미","Jeungmi","908"
"20213","22","인천2호선","126.6671363","37.5977134","마전","마전","Majeon","I204"
"909","9","9호선","126.8655511","37.5507112","등촌","등촌","Deungchon","909"
"20212","22","인천2호선","126.6566189","37.6017177","검단사거리","검단사거리","Geomdan Sageori","I203"
"20211","22","인천2호선","126.642479","37.5951339","왕길","왕길","Wanggill","I202"
"20210","22","인천2호선","126.6280074","37.5948489","검단오류(검단산업단지)","검단오류(검단산업단지)","Geomdan Oryu","I201"
"20219","22","인천2호선","126.6768373","37.5439103","서구청","서구청","Seo-gu Office","I210"
"20218","22","인천2호선","126.677103","37.5513036","아시아드경기장(공촌사거리)","아시아드경기장(공촌사거리)","Asiad Stadium","I209"
"20217","22","인천2호선","126.677519","37.5611734","검바위","검바위","Geombawi","I208"
"20216","22","인천2호선","126.6756595","37.5687033","검암","검암","Geomam","I207"
"20215","22","인천2호선","126.6759863","37.5849123","독정","독정","Dokjeong","I206"
"910","9","9호선","126.8748564","37.5469769","염창","염창","Yeomchang","910"
"911","9","9호선","126.8830837","37.5443618","신목동","신목동","Sinmokdong","911"
"912","9","9호선","126.8939268","37.5378654","선유도","선유도","Seonyudo","912"
"913","9","9호선","126.9026457","37.5335448","당산","당산","Dangsan","913"
"914","9","9호선","126.9177648","37.5282423","국회의사당","국회의사당","National Assembly","914"
"915","9","9호선","126.9240343","37.5217637","여의도","여의도","Yeouido","915"
"916","9","9호선","126.9288896","37.5167454","샛강","샛강","Saetgang","916"
"917","9","9호선","126.9410644","37.5135814","노량진","노량진","Noryangjin","917"
"918","9","9호선","126.9532132","37.5126946","노들","노들","Nodeul","918"
"20225","22","인천2호선","126.6838328","37.4841058","가재울","가재울","Gajaeul","I216"
"919","9","9호선","126.9633951","37.5091825","흑석","흑석","Heukseok","919"
"20224","22","인천2호선","126.6752463","37.4900531","인천가좌","인천가좌","Incheon Gajwa","I215"
"20223","22","인천2호선","126.6758569","37.5003027","서부여성회관","서부여성회관","West Woman’s Community Center","I214"
"20222","22","인천2호선","126.6762655","37.5071618","석남(거북시장)","석남(거북시장)","Seongnam","I213"
"20221","22","인천2호선","126.6768155","37.5174714","가정중앙시장","가정중앙시장","Gajeong Jungang Market","I212"
"20220","22","인천2호선","126.6753548","37.524725","가정(루원시티)","가정(루원시티)","Gajeong","I211"
"20229","22","인천2호선","126.6921913","37.4576958","석바위시장","석바위시장","Seokbawi Market","I220"
"20228","22","인천2호선","126.6810909","37.4583909","시민공원(문화창작지대)","시민공원(문화창작지대)","Citizens Park","I219"
"20227","22","인천2호선","126.6791041","37.4654372","주안","주안","Juan","I218"
"20226","22","인천2호선","126.6812163","37.4739745","주안국가산단(인천J밸리)","주안국가산단(인천J밸리)","Juan National Industrial Complex","I217"
"11515","115","김포골드라인","126.6838489","37.6538667","운양","운양","Unyang","G104"
"11514","115","김포골드라인","126.6691099","37.6441705","장기","장기","Janggi","G103"
"11517","115","김포골드라인","126.7198386","37.6203107","사우(김포시청)","사우(김포시청)","Sau(Gimpo City Hall)","G106"
"11516","115","김포골드라인","126.7057322","37.6316502","걸포북변","걸포북변","Geolpo Bukbyeon","G105"
"11519","115","김포골드라인","126.7702144","37.6013994","고촌","고촌","Gochon","G108"
"11518","115","김포골드라인","126.7326928","37.6122941","풍무","풍무","Pungmu","G107"
"920","9","9호선","126.9777743","37.5031333","동작","동작","Dongjak","920"
"921","9","9호선","126.9874422","37.5014384","구반포","구반포","Gubanpo","921"
"922","9","9호선","126.9960331","37.5034962","신반포","신반포","Sinbanpo","922"
"923","9","9호선","127.0043179","37.5060026","고속터미널","고속터미널","Express Bus Terminal","923"
"924","9","9호선","127.0150731","37.5043808","사평","사평","Sapyeong","924"
"925","9","9호선","127.0245209","37.5044636","신논현","신논현","Sinnonhyeon","925"
"11511","115","김포골드라인","126.6148276","37.6416449","양촌","양촌","Yangchon","G100"
"926","9","9호선","127.0339087","37.5073234","언주","언주","Eonju","926"
"927","9","9호선","127.043412","37.5101377","선정릉","선정릉","Seonjeongneung","927"
"11513","115","김포골드라인","126.6445072","37.6408135","마산","마산","Masan","G102"
"928","9","9호선","127.0529321","37.5129462","삼성중앙","삼성중앙","Samseong Jungang","928"
"11512","115","김포골드라인","126.6287076","37.6453969","구래","구래","Gurae","G101"
"929","9","9호선","127.0602304","37.5142495","봉은사","봉은사","Bongeunsa","929"
"930","9","9호선","127.0764306","37.5113717","종합운동장","종합운동장","Sports Complex","930"
"810","8","8호선","127.127537","37.5501577","암사","암사","Amsa","810"
"931","9","9호선","127.087432","37.5044913","삼전","삼전","Samjeon","931"
"811","8","8호선","127.123252","37.5380164","천호","천호","Cheonho","811"
"932","9","9호선","127.0970008","37.5024736","석촌고분","석촌고분","Seokchon Gobun","932"
"812","8","8호선","127.1205474","37.5305204","강동구청","강동구청","Gangdong-gu Office","812"
"933","9","9호선","127.1072226","37.5051892","석촌","석촌","Seokchon","933"
"813","8","8호선","127.1127749","37.5176625","몽촌토성","몽촌토성","Mongchontoseong","813"
"934","9","9호선","127.1122348","37.5102974","송파나루","송파나루","Sonpanaru","934"
"814","8","8호선","127.1046659","37.5147742","잠실","잠실","Jamsil","814"
"935","9","9호선","127.1162476","37.5164209","한성백제","한성백제","Hanseong Baekjae","935"
"815","8","8호선","127.1066681","37.5057994","석촌","석촌","Seokchon","815"
"936","9","9호선","127.1303441","37.5162427","올림픽공원","올림픽공원","Olympic Park","936"
"816","8","8호선","127.1122763","37.4996787","송파","송파","Songpa","816"
"937","9","9호선","127.1387274","37.5192709","둔촌오륜","둔촌오륜","Dunchon Oryun","937"
"817","8","8호선","127.1183096","37.4929616","가락시장","가락시장","Garak Market","817"
"938","9","9호선","127.1485418","37.5288331","중앙보훈병원","중앙보훈병원","VHS Medical Center","938"
"818","8","8호선","127.122474","37.4859725","문정","문정","Munjeong","818"
"819","8","8호선","127.1261965","37.4786789","장지","장지","Jangji","819"
"820","8","8호선","127.1267775","37.4712088","복정","복정","Bokjeong","820"
"821","8","8호선","127.1501097","37.4566304","산성","산성","Sanseong","821"
"822","8","8호선","127.1598367","37.4515477","남한산성입구","남한산성입구","Namhansanseong","822"
"823","8","8호선","127.156872","37.445188","단대오거리","단대오거리","Dandaeogeori","823"
"824","8","8호선","127.1475088","37.4409557","신흥","신흥","Sinheung","824"
"825","8","8호선","127.1403863","37.4372518","수진","수진","Sujin","825"
"826","8","8호선","127.1302584","37.4339563","모란","모란","Moran","826"
"709","7","7호선","127.0531004","37.7002605","장암","장암","Jangam","709"
"710","7","7호선","127.0464866","37.6895103","도봉산","도봉산","Dobongsan","710"
"711","7","7호선","127.055316","37.6778581","수락산","수락산","Suraksan","711"
"712","7","7호선","127.0576351","37.6653828","마들","마들","Madeul","712"
"713","7","7호선","127.0605231","37.6546928","노원","노원","Nowon","713"
"714","7","7호선","127.0641099","37.645112","중계","중계","Junggye","714"
"715","7","7호선","127.0679542","37.6365682","하계","하계","Hagye","715"
"716","7","7호선","127.0729311","37.625768","공릉","공릉","Gongneung","716"
"717","7","7호선","127.075356","37.6184825","태릉입구","태릉입구","Taereung","717"
"718","7","7호선","127.0777293","37.6107885","먹골","먹골","Meokgol","718"
"719","7","7호선","127.0793076","37.6025816","중화","중화","Junghwa","719"
"1394","104","경의중앙선","127.4738037","37.5061295","오빈","오빈","Obin","K134"
"1390","104","경의중앙선","127.0850533","37.5968152","상봉","상봉","Sangbong","K120"
"720","7","7호선","127.0856711","37.5959203","상봉","상봉","Sangbong","720"
"721","7","7호선","127.0875071","37.5887804","면목","면목","Myeonmok","721"
"722","7","7호선","127.0885223","37.5809731","사가정","사가정","Sagajeong","722"
"723","7","7호선","127.0868462","37.573796","용마산","용마산","Yongmasan","723"
"724","7","7호선","127.0840955","37.5655455","중곡","중곡","Junggok","724"
"725","7","7호선","127.0795404","37.5572264","군자","군자","Gunja","725"
"726","7","7호선","127.074609","37.5479134","어린이대공원","어린이대공원","Children's Grand Park","726"
"727","7","7호선","127.0710966","37.5408717","건대입구","건대입구","Konkuk Univ.","727"
"728","7","7호선","127.0667058","37.531551","뚝섬유원지","뚝섬유원지","Ttukseom Park","728"
"729","7","7호선","127.053925","37.5194891","청담","청담","Cheongdam","729"
"730","7","7호선","127.0412886","37.5171878","강남구청","강남구청","Gangnam-gu Office","730"
"610","6","6호선","126.9156008","37.5984852","응암","응암","Eungam","610"
"731","7","7호선","127.0316189","37.5142512","학동","학동","Hak-dong","731"
"611","6","6호선","126.9227908","37.6061227","역촌","역촌","Yeokchon","611"
"732","7","7호선","127.0213562","37.5111354","논현","논현","Nonhyeon","732"
"612","6","6호선","126.9296543","37.6110424","불광","불광","Bulgwang","612"
"733","7","7호선","127.0117412","37.5082214","반포","반포","Banpo","733"
"613","6","6호선","126.9330601","37.6183908","독바위","독바위","Dokbawi","613"
"734","7","7호선","127.0045239","37.5034708","고속터미널","고속터미널","Express Bus Terminal","734"
"614","6","6호선","126.9204314","37.6185586","연신내","연신내","Yeonsinnae","614"
"735","7","7호선","126.9935034","37.4876246","내방","내방","Naebang","735"
"615","6","6호선","126.9173219","37.6113864","구산","구산","Gusan","615"
"736","7","7호선","126.9820675","37.4853856","이수","이수","Isu","736"
"616","6","6호선","126.9136065","37.5910546","새절","새절","Saejeol","616"
"737","7","7호선","126.9710516","37.4847491","남성","남성","Namseong","737"
"617","6","6호선","126.9096966","37.5839486","증산","증산","Jeungsan","617"
"738","7","7호선","126.9539906","37.4958606","숭실대입구","숭실대입구","Soongsil Univ.","738"
"618","6","6호선","126.9012173","37.5764222","디지털미디어시티","디지털미디어시티","Digital Media City","618"
"739","7","7호선","126.9482164","37.5025521","상도","상도","Sangdo","739"
"619","6","6호선","126.899273","37.569657","월드컵경기장","월드컵경기장","World Cup Stadium","619"
"1175","1","1호선","126.8847911","37.4164812","광명","광명","Gwangmyeong","P144-1"
"740","7","7호선","126.9389885","37.5048284","장승배기","장승배기","Jangseungbaegi","740"
"620","6","6호선","126.903444","37.5634062","마포구청","마포구청","Mapo-gu Office","620"
"741","7","7호선","126.9281967","37.4997369","신대방삼거리","신대방삼거리","Sindaebangsamgeori","741"
"621","6","6호선","126.9101054","37.5560681","망원","망원","Mangwon","621"
"742","7","7호선","126.9199165","37.4999564","보라매","보라매","Boramae","742"
"622","6","6호선","126.9135421","37.5492319","합정","합정","Hapjeong","622"
"743","7","7호선","126.9096316","37.5001373","신풍","신풍","Sinpung","743"
"623","6","6호선","126.9223054","37.5477659","상수","상수","Sangsu","623"
"744","7","7호선","126.8967199","37.4928412","대림","대림","Daerim","744"
"624","6","6호선","126.9319509","37.5474807","광흥창","광흥창","Gwangheungchang","624"
"745","7","7호선","126.8872865","37.4861038","남구로","남구로","Namguro","745"
"625","6","6호선","126.9424666","37.5476314","대흥","대흥","Daeheung","625"
"746","7","7호선","126.8826081","37.4803789","가산디지털단지","가산디지털단지","Gasan Digital Complex","746"
"626","6","6호선","126.9519689","37.5435148","공덕","공덕","Gongdeok","626"
"747","7","7호선","126.8682488","37.4761873","철산","철산","Cheolsan","747"
"627","6","6호선","126.9614375","37.5392738","효창공원앞","효창공원앞","Hyochang Park","627"
"748","7","7호선","126.854892","37.4792859","광명사거리","광명사거리","Gwangmyeongsageori","748"
"628","6","6호선","126.9740193","37.5355916","삼각지","삼각지","Samgakji","628"
"749","7","7호선","126.8387255","37.4867556","천왕","천왕","Cheonwang","749"
"629","6","6호선","126.9868953","37.5345855","녹사평(용산구청)","녹사평(용산구청)","Noksapyeong","629"
"1187","1","1호선","127.0519094","37.1956888","서동탄","서동탄","Seodongtan","P157-1"
"1181","1","1호선","126.9483897","37.3433914","당정","당정","Dangjeong","P151"
"11229","112","경강선","127.4903344","37.2604214","부발","부발","Bubal","K418"
"11228","112","경강선","127.4420972","37.2642256","이천","이천","Icheon","K417"
"750","7","7호선","126.8234649","37.4920594","온수","온수","Onsu","750"
"630","6","6호선","126.9945905","37.5345416","이태원","이태원","Itaewon","630"
"751","7","7호선","126.8109685","37.5062533","까치울","까치울","Kkachiul","751"
"11109","116","수인분당선","126.9802893","37.2496683","고색","고색","Gosaek","K246"
"510","5","5호선","126.812818","37.5776046","방화","방화","Banghwa","510"
"631","6","6호선","127.0018016","37.5398285","한강진","한강진","Hangangjin","631"
"752","7","7호선","126.7975156","37.5054585","부천종합운동장","부천종합운동장","Bucheon Stadium","752"
"511","5","5호선","126.8068268","37.5724541","개화산","개화산","Gaehwasan","511"
"632","6","6호선","127.0071404","37.5481113","버티고개","버티고개","Beotigogae","632"
"753","7","7호선","126.7870747","37.503734","춘의","춘의","Chunui","753"
"512","5","5호선","126.8012887","37.5624022","김포공항","김포공항","Gimpo Int'l Airport","512"
"633","6","6호선","127.010306","37.554173","약수","약수","Yaksu","633"
"754","7","7호선","126.7759766","37.5030635","신중동","신중동","Shinjung-dong","754"
"1299","104","경의중앙선","127.6289069","37.4768182","지평","지평","Jipyeong","K138"
"513","5","5호선","126.8121294","37.5612014","송정","송정","Songjeong","513"
"634","6","6호선","127.0137374","37.5601733","청구","청구","Cheonggu","634"
"755","7","7호선","126.7636191","37.5046828","부천시청","부천시청","Bucheon City Hall","755"
"514","5","5호선","126.8249983","37.5602082","마곡","마곡","Magok","514"
"635","6","6호선","127.0161834","37.5660717","신당","신당","Sindang","635"
"756","7","7호선","126.7531611","37.5058045","상동","상동","Sang-dong","756"
"11221","112","경강선","127.1112198","37.3947359","판교","판교","Pangyo","K410"
"515","5","5호선","126.8377932","37.5585413","발산","발산","Balsan","515"
"636","6","6호선","127.0156713","37.5726026","동묘앞","동묘앞","Dongmyo","636"
"757","7","7호선","126.7420134","37.5064955","삼산체육관","삼산체육관","Samsan Gymnasium","757"
"516","5","5호선","126.8363417","37.5487936","우장산","우장산","Ujangsan","516"
"637","6","6호선","127.0153112","37.5793699","창신","창신","Changsin","637"
"758","7","7호선","126.7313494","37.5070215","굴포천","굴포천","Gulpocheon","758"
"11223","112","경강선","127.2034615","37.4087369","삼동","삼동","Samdong","K412"
"517","5","5호선","126.8406735","37.5413356","화곡","화곡","Hwagok","517"
"638","6","6호선","127.0199429","37.5855334","보문","보문","Bomun","638"
"759","7","7호선","126.7212457","37.5074557","부평구청","부평구청","Bupyeong-gu Office","759"
"11222","112","경강선","127.1272322","37.3947355","이매","이매","Imae","K411"
"518","5","5호선","126.8465326","37.5321009","까치산","까치산","Kkachisan","518"
"639","6","6호선","127.0291549","37.5863023","안암","안암","Anam","639"
"11225","112","경강선","127.3000099","37.3733942","초월","초월","ChoWol","K414"
"519","5","5호선","126.8561801","37.5249898","신정","신정","Sinjeong","519"
"11224","112","경강선","127.2533132","37.3989242","경기광주","경기광주","GyeonggiGwangju","K413"
"11227","112","경강선","127.4052368","37.3155675","신둔도예촌","신둔도예촌","Sindundoyechon","K416"
"11226","112","경강선","127.3462002","37.3505293","곤지암","곤지암","Gonjiam","K415"
"4101","102","자기부상철도","126.4520512","37.4479281","인천공항1터미널","인천공항1터미널","Incheon Int'l Airport Terminal 1","M01"
"11230","112","경강선","127.5707764","37.2936379","세종대왕릉","세종대왕릉","Sejongdaewangneung","K419"
"4102","102","자기부상철도","126.4555824","37.4439095","장기주차장","장기주차장","Long Term Parking","M02"
"11119","116","수인분당선","126.7663857","37.3379844","신길온천","신길온천","Singil oncheon","K256"
"760","7","7호선","126.7030344","37.5086488","산곡","산곡","Sangok","760"
"11118","116","수인분당선","126.7880928","37.3273233","안산","안산","Ansan","K255"
"640","6","6호선","127.0359257","37.5904028","고려대","고려대","Korea Univ.","640"
"761","7","7호선","126.6749204","37.5062981","석남(거북시장)","석남(거북시장)","Seongnam","761"
"520","5","5호선","126.864538","37.5260971","목동","목동","Mok-dong","520"
"641","6","6호선","127.0415747","37.6019902","월곡","월곡","Wolgok","641"
"521","5","5호선","126.8751283","37.524547","오목교","오목교","Omokgyo","521"
"642","6","6호선","127.0488824","37.6066054","상월곡","상월곡","Sangwolgok","642"
"522","5","5호선","126.8862052","37.5256195","양평","양평","Yangpyeong","522"
"643","6","6호선","127.056439","37.6105236","돌곶이","돌곶이","Dolgoji","643"
"523","5","5호선","126.8953425","37.5242179","영등포구청","영등포구청","Yeongdeungpo-gu Office","523"
"644","6","6호선","127.0662704","37.6148423","석계","석계","Seokgye","644"
"524","5","5호선","126.9050557","37.5227351","영등포시장","영등포시장","Yeongdeungpo Market","524"
"645","6","6호선","127.0748596","37.6173652","태릉입구","태릉입구","Taereung","645"
"525","5","5호선","126.9152253","37.5175662","신길","신길","Singil","525"
"646","6","6호선","127.083978","37.619882","화랑대","화랑대","Hwarangdae","646"
"11111","116","수인분당선","126.9089578","37.2500921","어천","어천","Eocheon","K248"
"526","5","5호선","126.9240786","37.5216246","여의도","여의도","Yeouido","526"
"647","6","6호선","127.0913317","37.6173718","봉화산(서울의료원)","봉화산(서울의료원)","Bonghwasan","647"
"11231","112","경강선","127.6285832","37.2828819","여주","여주","Yeoju","K420"
"11110","116","수인분당선","126.964121","37.2434864","오목천","오목천","Omokcheon","K247"
"527","5","5호선","126.9328265","37.5271504","여의나루","여의나루","Yeouinaru","527"
"648","6","6호선","127.1045033","37.6123717","신내","신내","Sinnae","648"
"11113","116","수인분당선","126.8571791","37.2909129","사리","사리","Sari","K250"
"528","5","5호선","126.9457992","37.539488","마포","마포","Mapo","528"
"11112","116","수인분당선","126.8840766","37.2611904","야목","야목","Yamok","K249"
"529","5","5호선","126.9514586","37.5445593","공덕","공덕","Gongdeok","529"
"11115","116","수인분당선","126.8375964","37.3161041","중앙","중앙","Jungang","K252"
"409","4","4호선","127.0791285","37.6703413","당고개","당고개","Danggogae","409"
"11114","116","수인분당선","126.8531445","37.3102248","한대앞","한대앞","Hangyang Univ. at Ansan","K251"
"11117","116","수인분당선","126.8052422","37.3210165","초지","초지","Choji","K254"
"11116","116","수인분당선","126.8222592","37.3168803","고잔","고잔","Gojan","K253"
"11328","113","우이신설선","127.0135351","37.6202664","솔샘","솔샘","Solsaem","S117"
"11327","113","우이신설선","127.0205069","37.6213406","삼양사거리","삼양사거리","Samyang Sageori","S116"
"530","5","5호선","126.9567586","37.5535995","애오개","애오개","Aeogae","530"
"410","4","4호선","127.0733408","37.6607073","상계","상계","Sanggye","410"
"531","5","5호선","126.9630028","37.5603459","충정로","충정로","Chungjeongno","531"
"11329","113","우이신설선","127.0081539","37.6122156","북한산보국문","북한산보국문","Bukhansan Bogungmun","S118"
"411","4","4호선","127.0634132","37.6563653","노원","노원","Nowon","411"
"532","5","5호선","126.9666425","37.5658632","서대문","서대문","Seodaemun","532"
"412","4","4호선","127.0479675","37.6532513","창동","창동","Chang-dong","412"
"533","5","5호선","126.9765025","37.5716645","광화문","광화문","Gwanghwamun","533"
"413","4","4호선","127.0347017","37.6485878","쌍문","쌍문","Ssangmun","413"
"534","5","5호선","126.9903148","37.5725812","종로3가","종로3가","Jongno 3(sam)-ga","534"
"414","4","4호선","127.0254732","37.637828","수유(강북구청)","수유(강북구청)","Suyu","414"
"535","5","5호선","126.9980778","37.5673828","을지로4가","을지로4가","Euljiro 4(sa)-ga","535"
"415","4","4호선","127.0261186","37.6264529","미아","미아","Mia","415"
"536","5","5호선","127.0056646","37.5646544","동대문역사문화공원","동대문역사문화공원","Dongdaemun History & Culture Park","536"
"4103","102","자기부상철도","126.4586887","37.4404731","합동청사","합동청사","Administration Complex","M03"
"416","4","4호선","127.030097","37.6132608","미아사거리","미아사거리","Miasamgeori","416"
"537","5","5호선","127.0138936","37.5602139","청구","청구","Cheonggu","537"
"4104","102","자기부상철도","126.45991","37.4371242","파라다이스시티","파라다이스시티","Paradise City","M04"
"417","4","4호선","127.0249589","37.6032454","길음","길음","Gireum","417"
"538","5","5호선","127.0208979","37.5544061","신금호","신금호","Singeumho","538"
"4105","102","자기부상철도","126.4342312","37.4292213","워터파크","워터파크","Water Park","M05"
"11322","113","우이신설선","127.013278","37.6560475","솔밭공원","솔밭공원","Solbat Park","S111"
"418","4","4호선","127.0165388","37.592709","성신여대입구","성신여대입구","Sungshin Women's Univ.","418"
"539","5","5호선","127.0296504","37.557412","행당","행당","Haengdang","539"
"4106","102","자기부상철도","126.4236639","37.42476","용유","용유","Yongyu","M06"
"11321","113","우이신설선","127.0127977","37.6629089","북한산우이","북한산우이","Bukhansan Ui","S110"
"419","4","4호선","127.0062053","37.5884819","한성대입구","한성대입구","Hansung Univ.","419"
"11324","113","우이신설선","127.01681","37.6415589","가오리","가오리","Gaori","S113"
"11323","113","우이신설선","127.0136693","37.6495536","419민주묘지","419민주묘지","April 19th National Cemetery","S112"
"11326","113","우이신설선","127.0181637","37.6269221","삼양","삼양","Samyang","S115"
"11325","113","우이신설선","127.0175118","37.6341179","화계","화계","Hwagye","S114"
"4001","101","공항철도","126.9697747","37.5537439","서울역","서울역","Seoul Station","A01"
"4002","101","공항철도","126.9518964","37.5424319","공덕","공덕","Gongdeok","A02"
"4003","101","공항철도","126.9266134","37.5577069","홍대입구","홍대입구","Hongik Univ.","A03"
"540","5","5호선","127.0372342","37.5618447","왕십리","왕십리","Wangsimni","540"
"420","4","4호선","127.0018932","37.58217","혜화","혜화","Hyehwa","420"
"541","5","5호선","127.0429834","37.5661451","마장","마장","Majang","541"
"421","4","4호선","127.0091161","37.5711345","동대문","동대문","Dongdaemun","421"
"542","5","5호선","127.0523621","37.5670913","답십리","답십리","Dapsimni","542"
"422","4","4호선","127.0078233","37.5651518","동대문역사문화공원","동대문역사문화공원","Dongdaemun History & Culture Park","422"
"543","5","5호선","127.0647056","37.5614737","장한평","장한평","Janghanpyeong","543"
"423","4","4호선","126.994207","37.5612691","충무로","충무로","Chungmuro","423"
"544","5","5호선","127.0794155","37.5571934","군자","군자","Gunja","544"
"424","4","4호선","126.9864651","37.5609721","명동","명동","Myeong-dong","424"
"545","5","5호선","127.0896093","37.5520309","아차산","아차산","Achasan","545"
"425","4","4호선","126.9785585","37.5587761","회현","회현","Hoehyeon","425"
"546","5","5호선","127.1036243","37.5453403","광나루","광나루","Gwangnaru","546"
"426","4","4호선","126.9727132","37.5535145","서울역","서울역","Seoul Station","426"
"547","5","5호선","127.1239046","37.5384863","천호","천호","Cheonho","547"
"11331","113","우이신설선","127.016544","37.592412","성신여대입구","성신여대입구","Sungshin Women's Univ.","S120"
"427","4","4호선","126.9721144","37.5445916","숙대입구","숙대입구","Sookmyung Women's Univ.","427"
"548","5","5호선","127.1323069","37.5359106","강동","강동","Gangdong","548"
"11330","113","우이신설선","127.0134944","37.6026666","정릉","정릉","Jeongneung","S119"
"428","4","4호선","126.9729869","37.5345468","삼각지","삼각지","Samgakji","428"
"549","5","5호선","127.1399996","37.5377779","길동","길동","Gil-dong","549"
"11333","113","우이신설선","127.0232133","37.576793","신설동","신설동","Sinseol-dong","S122"
"429","4","4호선","126.9679481","37.529241","신용산","신용산","Sinyongsan","429"
"11332","113","우이신설선","127.0195556","37.5850248","보문","보문","Bomun","S121"
"20137","21","인천1호선","126.6349838","37.3928199","센트럴파크","센트럴파크","Central Park","I137"
"20136","21","인천1호선","126.6394183","37.386209","인천대입구","인천대입구","Incheon Nat'l Univ.","I136"
"20135","21","인천1호선","126.6454262","37.378017","지식정보단지","지식정보단지","BIT Zone","I135"
"20134","21","인천1호선","126.6561887","37.3820787","테크노파크","테크노파크","Technopark","I134"
"4010","101","공항철도","126.4524614","37.4474699","인천공항1터미널","인천공항1터미널","Incheon Int'l Airport Terminal 1","A10"
"20133","21","인천1호선","126.6620847","37.3882047","캠퍼스타운","캠퍼스타운","Campus Town","I133"
"4011","101","공항철도","126.6246985","37.5564036","청라국제도시","청라국제도시","Cheongna Int'l City","A071"
"20132","21","인천1호선","126.6736029","37.3981396","동막","동막","Dongmak","I132"
"4012","101","공항철도","126.5250848","37.5120812","영종","영종","Yeongjong","A072"
"20131","21","인천1호선","126.680786","37.4047322","동춘","동춘","Dongchun","I131"
"4013","101","공항철도","126.4333512","37.4688906","인천공항2터미널","인천공항2터미널","Incheon Int'l Airport Terminal 2","A11"
"20130","21","인천1호선","126.6878251","37.4123326","원인재","원인재","Woninjae","I130"
"20139","21","인천1호선","126.6258733","37.4071408","송도달빛축제공원","송도달빛축제공원","Songdo Moonlight Festival Park","I139"
"20138","21","인천1호선","126.630119","37.4004344","국제업무지구","국제업무지구","Int'l Business District","I138"
"550","5","5호선","127.1429227","37.5455466","굽은다리","굽은다리","Gubeundari","550"
"11427","114","서해선","126.8059211","37.38148","시흥시청","시흥시청","Siheung City Hall","S22"
"430","4","4호선","126.974396","37.5224265","이촌","이촌","Ichon","430"
"551","5","5호선","127.1440282","37.5513453","명일","명일","Myeongil","551"
"310","3","3호선","126.7474418","37.6761523","대화","대화","Daehwa","309"
"431","4","4호선","126.980341","37.5029147","동작","동작","Dongjak","431"
"552","5","5호선","127.1541262","37.5550561","고덕","고덕","Godeok","552"
"11429","114","서해선","126.8094012","37.3489244","달미","달미","Dalmi","S24"
"311","3","3호선","126.7612443","37.6701481","주엽","주엽","Juyeop","310"
"432","4","4호선","126.982193","37.4868026","총신대입구(이수)","총신대입구(이수)","Chongshin Univ.(Isu)","432"
"553","5","5호선","127.1659375","37.5566629","상일동","상일동","Sangil-dong","553"
"11428","114","서해선","126.8087339","37.3701572","시흥능곡","시흥능곡","Siheung Neunggok","S23"
"312","3","3호선","126.7732713","37.6597196","정발산","정발산","Jeongbalsan","311"
"433","4","4호선","126.9816679","37.4767975","사당","사당","Sadang","433"
"554","5","5호선","127.1757101","37.557471","강일","강일","Gangil","554"
"313","3","3호선","126.7776556","37.6521938","마두","마두","Madu","312"
"434","4","4호선","126.9891138","37.4642465","남태령","남태령","Namtaeryeong","434"
"555","5","5호선","127.1929324","37.5631179","미사","미사","Misa","555"
"314","3","3호선","126.788066","37.6430297","백석","백석","Baekseok","313"
"435","4","4호선","127.002176","37.4518608","선바위","선바위","Seonbawi","435"
"556","5","5호선","127.2038908","37.5520573","하남풍산","하남풍산","Hanam Pungsan","556"
"315","3","3호선","126.8110438","37.6316395","대곡","대곡","Daegok","314"
"436","4","4호선","127.0078924","37.4439936","경마공원","경마공원","Seoul Racecourse Park","436"
"557","5","5호선","127.2063111","37.5419823","하남시청(덕풍신장)","하남시청(덕풍신장)","Hanam City Hall(Deokpung.Sinjang)","557"
"316","3","3호선","126.8326335","37.6346429","화정","화정","Hwajeong","315"
"437","4","4호선","127.0064814","37.435757","대공원","대공원","Seoul Grand Park","437"
"558","5","5호선","127.2230997","37.5398272","하남검단산","하남검단산","Hanam Geomdansan","558"
"4004","101","공항철도","126.8986603","37.5770602","디지털미디어시티","디지털미디어시티","Digital Media City","A04"
"317","3","3호선","126.8429853","37.6532599","원당","원당","Wondang","316"
"438","4","4호선","126.9963878","37.433172","과천","과천","Gwacheon","438"
"4005","101","공항철도","126.8027309","37.5617405","김포공항","김포공항","Gimpo Int'l Airport","A05"
"318","3","3호선","126.8955766","37.6531047","삼송","삼송","Samsong","318"
"439","4","4호선","126.9897304","37.4265319","정부과천청사","정부과천청사","Government Complex Gwacheon","439"
"4006","101","공항철도","126.7362988","37.5717656","계양","계양","Gyeyang","A06"
"11421","114","서해선","126.7949645","37.4832808","소사","소사","Sosa","S16"
"319","3","3호선","126.9137646","37.6481232","지축","지축","Jichuk","319"
"4007","101","공항철도","126.6736627","37.5692527","검암","검암","Geomam","A07"
"4008","101","공항철도","126.4938642","37.4927763","운서","운서","Unseo","A08"
"11423","114","서해선","126.7929771","37.450194","시흥대야","시흥대야","Siheung Daeya","S18"
"4009","101","공항철도","126.4775043","37.4590673","공항화물청사","공항화물청사","Incheon Int'l Airport Cargo Terminal","A09"
"11422","114","서해선","126.7972911","37.46848","소새울","소새울","Sosaeul","S17"
"11425","114","서해선","126.7878281","37.40968","신현","신현","Sinhyeon","S20"
"11424","114","서해선","126.786751","37.439035","신천","신천","Sincheon","S19"
"4020","101","공항철도","126.8274551","37.565599","마곡나루","마곡나루","Magongnaru","A042"
"440","4","4호선","126.9768202","37.4015892","인덕원","인덕원","Indeogwon","440"
"320","3","3호선","126.9188488","37.6365904","구파발","구파발","Gupabal","320"
"441","4","4호선","126.9638983","37.3943456","평촌","평촌","Pyeongchon","441"
"321","3","3호선","126.9211924","37.619062","연신내","연신내","Yeonsinnae","321"
"442","4","4호선","126.9507657","37.3897935","범계","범계","Beomgye","442"
"201","2","2호선","126.975278","37.5635402","시청","시청","City Hall","201"
"322","3","3호선","126.9302369","37.6100758","불광","불광","Bulgwang","322"
"443","4","4호선","126.9435118","37.3723505","금정","금정","Geumjeong","443"
"202","2","2호선","126.9822413","37.5660349","을지로입구","을지로입구","Euljiro 1(il)-ga","202"
"323","3","3호선","126.9357799","37.6008786","녹번","녹번","Nokbeon","323"
"444","4","4호선","126.9329866","37.3580316","산본","산본","Sanbon","444"
"203","2","2호선","126.9910513","37.566288","을지로3가","을지로3가","Euljiro 3(sam)-ga","203"
"324","3","3호선","126.9441135","37.5888028","홍제","홍제","Hongje","324"
"445","4","4호선","126.9256222","37.3506088","수리산","수리산","Surisan","445"
"204","2","2호선","126.9977332","37.5666212","을지로4가","을지로4가","Euljiro 4(sa)-ga","204"
"325","3","3호선","126.9502664","37.5825064","무악재","무악재","Muakjae","325"
"446","4","4호선","126.9169139","37.3280071","대야미","대야미","Daeyami","446"
"205","2","2호선","127.0089225","37.5656726","동대문역사문화공원","동대문역사문화공원","Dongdaemun History & Culture Park","205"
"326","3","3호선","126.9579154","37.5744571","독립문","독립문","Dongnimmun","326"
"447","4","4호선","126.9037869","37.3123686","반월","반월","Banwol","447"
"206","2","2호선","127.0194523","37.5656686","신당","신당","Sindang","206"
"327","3","3호선","126.9735674","37.5758787","경복궁","경복궁","Gyeongbokgung","327"
"448","4","4호선","126.8666096","37.3028535","상록수","상록수","Sangnoksu","448"
"569","5","5호선","127.1362473","37.5276917","둔촌동","둔촌동","Dunchon-dong","P549"
"11430","114","서해선","126.8100031","37.334407","선부","선부","Seonbu","S25"
"207","2","2호선","127.0294629","37.5643212","상왕십리","상왕십리","Sangwangsimni","207"
"328","3","3호선","126.9854905","37.5765649","안국","안국","Anguk","328"
"449","4","4호선","126.8538834","37.3094844","한대앞","한대앞","Hangyang Univ. at Ansan","449"
"208","2","2호선","127.0372542","37.5612277","왕십리","왕십리","Wangsimni","208"
"329","3","3호선","126.9918423","37.5716572","종로3가","종로3가","Jongno 3(sam)-ga","329"
"11432","114","서해선","126.7957181","37.313153","시우","시우","Siu","S27"
"209","2","2호선","127.0436383","37.5556316","한양대","한양대","Hanyang Univ.","209"
"11431","114","서해선","126.8080167","37.320001","초지","초지","Choji","S26"
"11433","114","서해선","126.7867872","37.3025729","원시","원시","Wonsi","S28"
"20115","21","인천1호선","126.7226228","37.5381803","경인교대입구","경인교대입구","Gyeong-in Nat'l Univ. of Education","I115"
"20236","22","인천2호선","126.7595937","37.4396638","운연(서창)","운연(서창)","Unyeon","I227"
"20114","21","인천1호선","126.7281452","37.5433016","계산","계산","Gyesan","I114"
"20235","22","인천2호선","126.7528261","37.4484981","인천대공원","인천대공원","Incheon Grand Park","I226"
"20113","21","인천1호선","126.738672","37.5450986","임학","임학","Imhak","I113"
"20234","22","인천2호선","126.7366655","37.448176","남동구청","남동구청","Namdong-gu Office","I225"
"20112","21","인천1호선","126.7449949","37.553537","박촌","박촌","Bakchon","I112"
"20233","22","인천2호선","126.7317828","37.4549676","만수","만수","Mansu","I224"
"20111","21","인천1호선","126.7424923","37.5666362","귤현","귤현","Gyulhyeon","I111"
"20232","22","인천2호선","126.7196193","37.4558728","모래내시장","모래내시장","Moraenae Market","I223"
"20110","21","인천1호선","126.736411","37.5714532","계양","계양","Gyeyang","I110"
"20231","22","인천2호선","126.7107966","37.4567527","석천사거리","석천사거리","Seokcheon Sageori","I222"
"20230","22","인천2호선","126.7011404","37.4568992","인천시청","인천시청","Incheon City Hall","I221"
"20119","21","인천1호선","126.7222774","37.4984557","부평시장","부평시장","Bupyeong Market","I119"
"20118","21","인천1호선","126.7205867","37.5084365","부평구청","부평구청","Bupyeong-gu Office","I118"
"570","5","5호선","127.1308466","37.5158827","올림픽공원","올림픽공원","Olympic Park","P550"
"20117","21","인천1호선","126.7215587","37.5170688","갈산","갈산","Galsan","I117"
"450","4","4호선","126.8389741","37.3160361","중앙","중앙","Jungang","450"
"571","5","5호선","127.1260023","37.5086169","방이","방이","Bangi","P551"
"20116","21","인천1호선","126.7225326","37.530291","작전","작전","Jakjeon","I116"
"330","3","3호선","126.992629","37.5663875","을지로3가","을지로3가","Euljiro 3(sam)-ga","330"
"451","4","4호선","126.8234085","37.3168245","고잔","고잔","Gojan","451"
"572","5","5호선","127.1276118","37.5023346","오금","오금","Ogeum","P552"
"210","2","2호선","127.0474048","37.5472059","뚝섬","뚝섬","Ttukseom","210"
"331","3","3호선","126.9947283","37.5609968","충무로","충무로","Chungmuro","331"
"452","4","4호선","126.8062464","37.3205511","초지","초지","Choji","452"
"573","5","5호선","127.1350846","37.4979695","개롱","개롱","Gaerong","P553"
"211","2","2호선","127.0559819","37.5445688","성수","성수","Seongsu","211"
"332","3","3호선","127.005635","37.559078","동대입구","동대입구","Dongguk Univ.","332"
"453","4","4호선","126.7892386","37.326801","안산","안산","Ansan","453"
"574","5","5호선","127.1437699","37.4933424","거여","거여","Geoyeo","P554"
"212","2","2호선","127.0692761","37.5403719","건대입구","건대입구","Konkuk Univ.","212"
"333","3","3호선","127.0110008","37.5543465","약수","약수","Yaksu","333"
"454","4","4호선","126.767341","37.3374763","신길온천","신길온천","Singil oncheon","454"
"575","5","5호선","127.1528062","37.4950271","마천","마천","Macheon","P555"
"213","2","2호선","127.0861583","37.5371437","구의","구의","Guui","213"
"334","3","3호선","127.0158006","37.5482794","금호","금호","Geumho","334"
"455","4","4호선","126.7433066","37.3516989","정왕","정왕","Jeongwang","455"
"214","2","2호선","127.0946953","37.5350976","강변","강변","Gangbyeon","214"
"335","3","3호선","127.0173742","37.5416086","옥수","옥수","Oksu","335"
"456","4","4호선","126.7384503","37.3617848","오이도","오이도","Oido","456"
"215","2","2호선","127.103811","37.5206599","잠실나루","잠실나루","Jamsillaru","215"
"336","3","3호선","127.0285128","37.5263302","압구정","압구정","Apgujeong","336"
"216","2","2호선","127.1001714","37.5133497","잠실","잠실","Jamsil","216"
"337","3","3호선","127.0204019","37.5164842","신사","신사","Sinsa","337"
"217","2","2호선","127.0856011","37.5116235","잠실새내","잠실새내","Jamsilsaenae","217"
"338","3","3호선","127.0116295","37.512967","잠원","잠원","Jamwon","338"
"218","2","2호선","127.0736743","37.5110373","종합운동장","종합운동장","Sports Complex","218"
"339","3","3호선","127.0049754","37.5049056","고속터미널","고속터미널","Express Bus Terminal","339"
"219","2","2호선","127.0631862","37.5088721","삼성","삼성","Samseong","219"
"11520","115","김포골드라인","126.8026246","37.5622872","김포공항","김포공항","Gimpo Int'l Airport","G109"
"20126","21","인천1호선","126.699675","37.4419043","인천터미널","인천터미널","Incheon Bus Terminal","I126"
"20125","21","인천1호선","126.7010064","37.4492006","예술회관","예술회관","Arts Center","I125"
"20124","21","인천1호선","126.7022161","37.4576187","인천시청","인천시청","Incheon City Hall","I124"
"20123","21","인천1호선","126.7079019","37.4669093","간석오거리","간석오거리","Ganseogogeori","I123"
"20122","21","인천1호선","126.7104676","37.4782817","부평삼거리","부평삼거리","Bupyeongsamgeori","I122"
"20121","21","인천1호선","126.718399","37.4854209","동수","동수","Dongsu","I121"
"20120","21","인천1호선","126.7234918","37.4904123","부평","부평","Bupyeong","I120"
"20129","21","인천1호선","126.6940278","37.4180588","신연수","신연수","Sinyeonsu","I129"
"20128","21","인천1호선","126.6989247","37.427001","선학","선학","Seonhak","I128"
"340","3","3호선","127.0138201","37.4930313","교대","교대","Seoul Nat'l Univ. of Education","340"
"20127","21","인천1호선","126.6983415","37.4349599","문학경기장","문학경기장","Munhak Sports Complex","I127"
"220","2","2호선","127.0492806","37.504585","선릉","선릉","Seolleung","220"
"341","3","3호선","127.0162878","37.4849169","남부터미널","남부터미널","Nambu Bus Terminal","341"
"100","1","1호선","127.0610492","37.9487472","소요산","소요산","Soyosan","100"
"221","2","2호선","127.0363766","37.5006431","역삼","역삼","Yeoksam","221"
"342","3","3호선","127.034022","37.4845573","양재","양재","Yangjae","342"
"101","1","1호선","127.0548497","37.9275741","동두천","동두천","Dongducheon","101"
"222","2","2호선","127.027619","37.4979518","강남","강남","Gangnam","222"
"343","3","3호선","127.0469211","37.4870378","매봉","매봉","Maebong","343"
"102","1","1호선","127.0571632","37.9142651","보산","보산","Bosan","102"
"223","2","2호선","127.0143955","37.4939022","교대","교대","Seoul Nat'l Univ. of Education","223"
"344","3","3호선","127.0553491","37.4908923","도곡","도곡","Dogok","344"
"103","1","1호선","127.0564208","37.901682","동두천중앙","동두천중앙","Dongducheonjungang","103"
"224","2","2호선","127.0077018","37.4918518","서초","서초","Seocho","224"
"345","3","3호선","127.0634417","37.4945866","대치","대치","Daechi","345"
"104","1","1호선","127.0557513","37.8923698","지행","지행","Jihaeng","104"
"225","2","2호선","126.997667","37.4814956","방배","방배","Bangbae","225"
"346","3","3호선","127.0705794","37.4966981","학여울","학여울","Hangnyeoul","346"
"105","1","1호선","127.0615286","37.8432232","덕정","덕정","Deokjeong","105"
"226","2","2호선","126.9813633","37.4765746","사당","사당","Sadang","226"
"347","3","3호선","127.0795408","37.493608","대청","대청","Daecheong","347"
"106","1","1호선","127.0567095","37.8187684","덕계","덕계","Deokgye","106"
"227","2","2호선","126.9634281","37.4771195","낙성대","낙성대","Nakseongdae","227"
"348","3","3호선","127.0840634","37.4838708","일원","일원","Irwon","348"
"107","1","1호선","127.0447222","37.7742902","양주","양주","Yangju","107"
"228","2","2호선","126.9527295","37.4812072","서울대입구","서울대입구","Seoul Nat'l Univ.","228"
"349","3","3호선","127.102153","37.487477","수서","수서","Suseo","349"
"108","1","1호선","127.0422889","37.7594386","녹양","녹양","Nogyang","108"
"229","2","2호선","126.9415857","37.4824773","봉천","봉천","Bongcheon","229"
"350","3","3호선","127.1176925","37.4922197","가락시장","가락시장","Garak Market","350"
"230","2","2호선","126.9296992","37.4842313","신림","신림","Sillim","230"
"351","3","3호선","127.1242116","37.495702","경찰병원","경찰병원","National Police Hospital","351"
"110","1","1호선","127.044272","37.7483704","가능","가능","Ganeung","109"
"231","2","2호선","126.9133458","37.4875627","신대방","신대방","Sindaebang","231"
"352","3","3호선","127.1288285","37.5026892","오금","오금","Ogeum","352"
"111","1","1호선","127.0461031","37.7377829","의정부","의정부","Uijeongbu","110"
"232","2","2호선","126.9015943","37.4852148","구로디지털단지","구로디지털단지","Guro Digital Complex","232"
"112","1","1호선","127.0473391","37.7240454","회룡","회룡","Hoeryong","111"
"233","2","2호선","126.8948904","37.4933931","대림","대림","Daerim","233"
"113","1","1호선","127.047364","37.7105024","망월사","망월사","Mangwolsa","112"
"234","2","2호선","126.8911141","37.5086564","신도림","신도림","Sindorim","234"
"114","1","1호선","127.046063","37.6895524","도봉산","도봉산","Dobongsan","113"
"235","2","2호선","126.8948029","37.5180068","문래","문래","Mullae","235"
"115","1","1호선","127.0454881","37.67912","도봉","도봉","Dobong","114"
"236","2","2호선","126.8965645","37.525469","영등포구청","영등포구청","Yeongdeungpo-gu Office","236"
"116","1","1호선","127.0443571","37.6674005","방학","방학","Banghak","115"
"237","2","2호선","126.9026823","37.5348752","당산","당산","Dangsan","237"
"117","1","1호선","127.0479449","37.6527595","창동","창동","Chang-dong","116"
"238","2","2호선","126.9145231","37.5499346","합정","합정","Hapjeong","238"
"118","1","1호선","127.0514262","37.6446076","녹천","녹천","Nokcheon","117"
"239","2","2호선","126.9240194","37.5570156","홍대입구","홍대입구","Hongik Univ.","239"
"119","1","1호선","127.0588579","37.6331217","월계","월계","Wolgye","118"
"240","2","2호선","126.9368495","37.5551833","신촌","신촌","Sinchon","240"
"120","1","1호선","127.0617819","37.62368","광운대","광운대","Kwangwoon Univ.","119"
"241","2","2호선","126.9462596","37.5567836","이대","이대","Ewha Womans Univ.","241"
"121","1","1호선","127.0656829","37.6150489","석계","석계","Seokgye","120"
"242","2","2호선","126.956132","37.5573879","아현","아현","Ahyeon","242"
"122","1","1호선","127.0673912","37.6018093","신이문","신이문","Sinimun","121"
"243","2","2호선","126.9643319","37.5596923","충정로","충정로","Chungjeongno","243"
"123","1","1호선","127.0636088","37.5961565","외대앞","외대앞","Hankuk Univ. of Foreign Studies","122"
"124","1","1호선","127.0578003","37.5896861","회기","회기","Hoegi","123"
"125","1","1호선","127.0452708","37.5802055","청량리","청량리","Cheongnyangni","124"
"126","1","1호선","127.0346952","37.5781798","제기동","제기동","Jegi-dong","125"
"127","1","1호선","127.0243812","37.5759889","신설동","신설동","Sinseol-dong","126"
"128","1","1호선","127.0106727","37.5716881","동대문","동대문","Dongdaemun","128"
"129","1","1호선","127.0019483","37.5709993","종로5가","종로5가","Jongno5(o)-ga","129"
"1919","109","신분당선","127.0803411","37.313557","성복","성복","Seongbok","D16"
"370","3","3호선","126.8731879","37.6507346","원흥","원흥","Wonheung","317"
"130","1","1호선","126.9921477","37.570436","종로3가","종로3가","Jongno 3(sam)-ga","130"
"251","2","2호선","127.0508534","37.5621786","용답","용답","Yongdap","211-1"
"131","1","1호선","126.983197","37.5701764","종각","종각","Jonggak","131"
"252","2","2호선","127.0470955","37.5698004","신답","신답","Sindap","211-2"
"132","1","1호선","126.9771405","37.5653656","시청","시청","City Hall","132"
"253","2","2호선","127.0252716","37.5746144","신설동","신설동","Sinseol-dong","211-4"
"1910","109","신분당선","127.0283576","37.4963731","강남","강남","Gangnam","D07"
"133","1","1호선","126.9723173","37.555946","서울역","서울역","Seoul Station","133"
"254","2","2호선","127.0385474","37.5739644","용두","용두","Yongdu","211-3"
"134","1","1호선","126.9713158","37.5406056","남영","남영","Namyeong","134"
"135","1","1호선","126.9644282","37.5296794","용산","용산","Yongsan","135"
"136","1","1호선","126.9416726","37.5140823","노량진","노량진","Noryangjin","136"
"137","1","1호선","126.9264239","37.5134021","대방","대방","Daebang","137"
"138","1","1호선","126.9186529","37.5168369","신길","신길","Singil","138"
"139","1","1호선","126.9076047","37.5158126","영등포","영등포","Yeongdeungpo","139"
"1918","109","신분당선","127.0948906","37.3226221","수지구청","수지구청","Suji-gu Office","D15"
"1917","109","신분당선","127.1028451","37.337795","동천","동천","Dongchun","D14"
"1916","109","신분당선","127.1089129","37.3488461","미금","미금","Migeum","D13"
"1915","109","신분당선","127.108455","37.3677228","정자","정자","Jeongja","D12"
"1914","109","신분당선","127.1111601","37.3947763","판교","판교","Pangyo","D11"
"1913","109","신분당선","127.0546971","37.4482647","청계산입구","청계산입구","Cheonggyesan","D10"
"1912","109","신분당선","127.038396","37.4699132","양재시민의숲","양재시민의숲","Yangjae Citizen's Forest","D09"
"1911","109","신분당선","127.0348766","37.4835997","양재","양재","Yangjae","D08"
"1809","108","경춘선","127.0618605","37.6237828","광운대","광운대","Kwangwoon Univ.","119"
"140","1","1호선","126.8915617","37.5090107","신도림","신도림","Sindorim","140"
"261","2","2호선","126.8826425","37.5144737","도림천","도림천","Dorimcheon","234-1"
"141","1","1호선","126.8824085","37.5031569","구로","구로","Guro","141"
"262","2","2호선","126.8656677","37.5123852","양천구청","양천구청","Yangcheon-gu Office","234-2"
"142","1","1호선","126.8695903","37.4962607","구일","구일","Guil","142"
"263","2","2호선","126.852868","37.5202337","신정네거리","신정네거리","Sinjeongnegeori","234-3"
"143","1","1호선","126.8591569","37.4945462","개봉","개봉","Gaebong","143"
"264","2","2호선","126.8469288","37.5314047","까치산","까치산","Kkachisan","234-4"
"1921","109","신분당선","127.051533","37.2885031","광교중앙(아주대)","광교중앙(아주대)","GwanggyoJungang","D18"
"144","1","1호선","126.8447498","37.4944163","오류동","오류동","Oryu-dong","144"
"1920","109","신분당선","127.0693559","37.2978736","상현","상현","Sanghyeon","D17"
"145","1","1호선","126.8239577","37.4924185","온수","온수","Onsu","145"
"146","1","1호선","126.8119814","37.4852794","역곡","역곡","Yeokgok","146"
"147","1","1호선","126.7957368","37.4827699","소사","소사","Sosa","147"
"148","1","1호선","126.7828035","37.4840866","부천","부천","Bucheon","148"
"149","1","1호선","126.7642477","37.4867117","중동","중동","Jung-dong","149"
"1808","108","경춘선","127.0766605","37.5950255","중랑","중랑","Jungnang","K119"
"1807","108","경춘선","127.0581826","37.5897923","회기","회기","Hoegi","K118"
"1806","108","경춘선","127.0487715","37.5811595","청량리","청량리","Cheongnyangni","K117"
"1922","109","신분당선","127.0441981","37.302087","광교(경기대)","광교(경기대)","Gwanggyo","D19"
"150","1","1호선","126.7528537","37.487646","송내","송내","Songnae","150"
"151","1","1호선","126.7407068","37.4884743","부개","부개","Bugae","151"
"152","1","1호선","126.7245174","37.4894813","부평","부평","Bupyeong","152"
"153","1","1호선","126.7069848","37.4831587","백운","백운","Baegun","153"
"154","1","1호선","126.702898","37.4708816","동암","동암","Dongam","154"
"1811","108","경춘선","127.0916503","37.5999462","망우","망우","Mangu","K121"
"155","1","1호선","126.6934234","37.4647023","간석","간석","Ganseok","155"
"1810","108","경춘선","127.0859789","37.5972545","상봉","상봉","Sangbong","K120"
"156","1","1호선","126.6797087","37.4650741","주안","주안","Juan","156"
"157","1","1호선","126.6686415","37.4661284","도화","도화","Dohwa","157"
"158","1","1호선","126.657523","37.4668232","제물포","제물포","Jemulpo","158"
"159","1","1호선","126.6426106","37.4687095","도원","도원","Dowon","159"
"1819","108","경춘선","127.2853933","37.6590109","천마산","천마산","Cheonmasan","P129"
"1818","108","경춘선","127.2445494","37.6532218","평내호평","평내호평","PyeongnaeHopyeong","P128"
"1817","108","경춘선","127.2076199","37.6373638","금곡","금곡","Geumgok","P127"
"1816","108","경춘선","127.176858","37.6511518","사릉","사릉","Sareung","P126"
"1815","108","경춘선","127.1436414","37.648288","퇴계원","퇴계원","Toegyewon","P125"
"1814","108","경춘선","127.1274395","37.6422712","별내","별내","Byeollae","P124"
"1813","108","경춘선","127.1148218","37.6341427","갈매","갈매","Galmae","P123"
"1812","108","경춘선","127.1032491","37.6127859","신내","신내","Sinnae","P122"
"11150","116","수인분당선","126.745449","37.380008","달월","달월","Darwol","K259"
"160","1","1호선","126.6326162","37.475431","동인천","동인천","Dongincheon","160"
"161","1","1호선","126.6169577","37.4763766","인천","인천","Incheon","161"
"1701","107","에버라인","127.1167491","37.2754707","기흥","기흥","Giheung","Y110"
"1822","108","경춘선","127.4266782","37.7355415","청평","청평","Cheongpyeong","P132"
"1821","108","경춘선","127.3795092","37.6838659","대성리","대성리","Daeseong-ri","P131"
"1820","108","경춘선","127.3117893","37.6527993","마석","마석","Maseok","P130"
"1709","107","에버라인","127.1902816","37.238068","명지대","명지대","Myongji Univ.","Y118"
"1708","107","에버라인","127.1788391","37.2393998","시청용인대","시청용인대","City Hall·YongIn Univ.","Y117"
"1829","108","경춘선","127.723785","37.8640709","남춘천","남춘천","Namchuncheon","P139"
"1707","107","에버라인","127.1681063","37.2421434","삼가","삼가","Samga","Y116"
"1828","108","경춘선","127.714198","37.8183649","김유정","김유정","Gimyujeong","P138"
"1706","107","에버라인","127.1594612","37.2608426","초당","초당","Chodang","Y115"
"1827","108","경춘선","127.6341726","37.8057443","강촌","강촌","Gangchon","P137"
"1705","107","에버라인","127.1527207","37.2691123","동백","동백","Dongbaek","Y114"
"1826","108","경춘선","127.5891079","37.8308826","백양리","백양리","Baegyang-ri","P136"
"1704","107","에버라인","127.1437434","37.2749437","어정","어정","Eojeong","Y113"
"1825","108","경춘선","127.5577551","37.8320883","굴봉산","굴봉산","Gulbongsan","P135"
"1703","107","에버라인","127.1366128","37.2697106","지석","지석","Jiseok","Y112"
"1824","108","경춘선","127.5107313","37.8145184","가평","가평","Gapyeong","P134"
"1702","107","에버라인","127.1260071","37.2701968","강남대","강남대","Kangnam Univ.","Y111"
"1823","108","경춘선","127.4544338","37.7700396","상천","상천","Sangcheon","P133"
"11120","116","수인분당선","126.7422567","37.3519972","정왕","정왕","Jeongwang","K257"
"172","1","1호선","126.882559","37.4816348","가산디지털단지","가산디지털단지","Gasan Digital Complex","P142"
"173","1","1호선","126.8893964","37.4661067","독산","독산","Doksan","P143"
"174","1","1호선","126.8940088","37.4556516","금천구청","금천구청","Geumcheon-gu Office","P144"
"175","1","1호선","126.9022515","37.4351714","석수","석수","Seoksu","P145"
"176","1","1호선","126.9084945","37.4195895","관악","관악","Gwanak","P146"
"1712","107","에버라인","127.2142222","37.2446942","고진","고진","Gojin","Y121"
"11009","110","의정부경전철","127.0637847","37.7488688","새말","새말","Sae-mal","U119"
"177","1","1호선","126.9226534","37.4019344","안양","안양","Anyang","P147"
"1711","107","에버라인","127.2090662","37.2378989","운동장송담대","운동장송담대","Stadium·Songdam College","Y120"
"11008","110","의정부경전철","127.0569791","37.7452685","동오","동오","Dong-o","U118"
"11129","116","수인분당선","126.6547039","37.4299506","송도","송도","Songdo","K267"
"178","1","1호선","126.9355901","37.3844429","명학","명학","Myeonghak","P148"
"1710","107","에버라인","127.1986559","37.2373025","김량장","김량장","Gimnyangjang","Y119"
"179","1","1호선","126.9432978","37.3723648","금정","금정","Geumjeong","P149"
"1830","108","경춘선","127.7166579","37.8844444","춘천","춘천","Chuncheon","P140"
"11001","110","의정부경전철","127.0529099","37.7269917","발곡","발곡","Balgok","U110"
"11122","116","수인분당선","126.7426408","37.3918973","월곶","월곶","Wolgot","K260"
"11121","116","수인분당선","126.7388048","37.362651","오이도","오이도","Oido","K258"
"11003","110","의정부경전철","127.043664","37.7287961","범골","범골","Beomgol","U112"
"11124","116","수인분당선","126.7224215","37.4006386","인천논현","인천논현","Incheon Nonhyeon","K262"
"11002","110","의정부경전철","127.0471083","37.7250156","회룡","회룡","Hoeryong","U111"
"11123","116","수인분당선","126.733547","37.4009748","소래포구","소래포구","Soraepogu","K261"
"11005","110","의정부경전철","127.0348665","37.7392416","의정부시청","의정부시청","Uijongbu City Hall","U114"
"11126","116","수인분당선","126.6952494","37.407784","남동인더스파크","남동인더스파크","Namdong Induspark","K264"
"1715","107","에버라인","127.2195318","37.285388","전대에버랜드","전대에버랜드","Jeondae·Everland","Y124"
"11004","110","의정부경전철","127.043317","37.7372914","경전철의정부","경전철의정부","Lrt Uijeongbu","U113"
"11125","116","수인분당선","126.7086973","37.4016352","호구포","호구포","Hogupo","K263"
"1714","107","에버라인","127.2136254","37.2671545","둔전","둔전","Dunjeon","Y123"
"11007","110","의정부경전철","127.0496635","37.7436839","의정부중앙","의정부중앙","Uijeongbu Jung-ang","U117"
"11128","116","수인분당선","126.6788826","37.4178721","연수","연수","Yeonsu","K266"
"1713","107","에버라인","127.2184648","37.259028","보평","보평","Bopyeong","Y122"
"11006","110","의정부경전철","127.0371208","37.7432932","흥선","흥선","Heungseon","U115"
"11127","116","수인분당선","126.6866059","37.4130941","원인재","원인재","Woninjae","K265"
"11010","110","의정부경전철","127.071618","37.7507754","경기도청북부청사","경기도청북부청사","Gyeonggi Prov Govt North Ofc","U120"
"11131","116","수인분당선","126.6498422","37.4482143","인하대","인하대","Inha Univ.","K269"
"180","1","1호선","126.9485391","37.3540063","군포","군포","Gunpo","P150"
"181","1","1호선","126.9481135","37.32041","의왕","의왕","Uiwang","P152"
"182","1","1호선","126.9711633","37.3003158","성균관대","성균관대","Sungkyunkwan Univ.","P153"
"183","1","1호선","126.9895864","37.2839988","화서","화서","Hwaseo","P154"
"184","1","1호선","127.0000339","37.2662505","수원","수원","Suwon","P155"
"185","1","1호선","127.0137092","37.2441818","세류","세류","Seryu","P156"
"186","1","1호선","127.0332632","37.206849","병점","병점","Byeongjeom","P157"
"187","1","1호선","127.0432867","37.1872948","세마","세마","Sema","P158"
"188","1","1호선","127.0631028","37.169296","오산대","오산대","Osan College","P159"
"189","1","1호선","127.0667065","37.1453975","오산","오산","Osan","P160"
"11012","110","의정부경전철","127.0838461","37.7505337","곤제","곤제","Gonje","U122"
"11133","116","수인분당선","126.6245247","37.4684547","신포","신포","Sinpo","K271"
"1609","104","경의중앙선","126.9275504","37.5571098","홍대입구","홍대입구","Hongik Univ.","K314"
"11011","110","의정부경전철","127.0772809","37.7539992","효자","효자","Hyoja","U121"
"11132","116","수인분당선","126.638075","37.4609117","숭의","숭의","Sungui","K270"
"1608","104","경의중앙선","126.9354452","37.5521672","서강대","서강대","Sogang Univ.","K313"
"11014","110","의정부경전철","127.0872089","37.7372812","송산","송산","Songsan","U124"
"1607","104","경의중앙선","126.9519483","37.542533","공덕","공덕","Gongdeok","K312"
"11013","110","의정부경전철","127.0852264","37.7426961","어룡","어룡","Eoryong","U123"
"11134","116","수인분당선","126.6173965","37.4765047","인천","인천","Incheon","K272"
"1606","104","경의중앙선","126.9625371","37.5386082","효창공원앞","효창공원앞","Hyochang Park","K311"
"11015","110","의정부경전철","127.0889136","37.7335065","탑석","탑석","Tapseok","U125"
"190","1","1호선","127.0623535","37.1097791","진위","진위","Jinwi","P161"
"191","104","경의중앙선","127.0481155","37.5803033","청량리","청량리","Cheongnyangni","K117"
"192","104","경의중앙선","127.0385273","37.5615074","왕십리","왕십리","Wangsimni","K116"
"193","104","경의중앙선","127.034487","37.5499582","응봉","응봉","Eungbong","K115"
"195","104","경의중앙선","127.0186724","37.5404742","옥수","옥수","Oksu","K114"
"196","104","경의중앙선","127.0090019","37.5293678","한남","한남","Hannam","K113"
"197","104","경의중앙선","126.9883749","37.5196188","서빙고","서빙고","Seobinggo","K112"
"198","104","경의중앙선","126.9736508","37.5223792","이촌","이촌","Ichon","K111"
"1613","104","경의중앙선","126.9004835","37.5775083","디지털미디어시티","디지털미디어시티","Digital Media City","K316"
"199","1","1호선","127.0165891","37.5732462","동묘앞","동묘앞","Dongmyo","127"
"1612","104","경의중앙선","126.9149612","37.5687984","가좌","가좌","Gajwa","K315"
"1611","104","경의중앙선","126.9423666","37.5597706","신촌","신촌","Sinchon","P314"
"1610","104","경의중앙선","126.971333","37.5564073","서울역","서울역","Seoul Station","P313"
"1619","104","경의중앙선","126.8017185","37.645903","곡산","곡산","Goksan","K323"
"1618","104","경의중앙선","126.8097732","37.6319767","대곡","대곡","Daegok","K322"
"1617","104","경의중앙선","126.8208545","37.6187476","능곡","능곡","Neunggok","K321"
"1616","104","경의중앙선","126.8343171","37.612119","행신","행신","Haengsin","K320"
"1615","104","경의중앙선","126.8683865","37.6029081","화전","화전","Hwajeon","K318"
"1614","104","경의중앙선","126.8956951","37.5808606","수색","수색","Susaek","K317"
"1624","104","경의중앙선","126.7670809","37.7254269","운정","운정","Unjeong","K329"
"1623","104","경의중앙선","126.7611803","37.6938932","탄현","탄현","Tanhyeon","K327"
"1622","104","경의중앙선","126.7700598","37.6820088","일산","일산","Ilsan","K326"
"1621","104","경의중앙선","126.7863663","37.6721825","풍산","풍산","Pungsan","K325"
"1620","104","경의중앙선","126.7944965","37.6582116","백마","백마","Baengma","K324"
"1509","116","수인분당선","127.0479431","37.5806305","청량리","청량리","Cheongnyangni","K209"
"1629","104","경의중앙선","126.7874754","37.8545997","문산","문산","Munsan","K335"
"1628","104","경의중앙선","126.7924505","37.8153925","파주","파주","Paju","K334"
"1627","104","경의중앙선","126.792609","37.7962173","월롱","월롱","Wollong","K333"
"1626","104","경의중앙선","126.7745325","37.7661205","금촌","금촌","Geumchon","K331"
"1625","104","경의중앙선","126.7654255","37.7513071","금릉","금릉","Geumneung","K330"
"1635","104","경의중앙선","126.8444681","37.6122702","강매","강매","Gangmae","K319"
"1514","116","수인분당선","127.043642","37.5109245","선정릉","선정릉","Seonjeongneung","K214"
"1513","116","수인분당선","127.0414041","37.5168484","강남구청","강남구청","Gangnam-gu Office","K213"
"1512","116","수인분당선","127.040572","37.5273936","압구정로데오","압구정로데오","Apgujeongrodeo","K212"
"1511","116","수인분당선","127.04469","37.543654","서울숲","서울숲","Seoul-forest","K211"
"1631","104","경의중앙선","126.7469467","37.888424","임진강","임진강","Imjingang","K336"
"1510","116","수인분당선","127.0387123","37.5615059","왕십리","왕십리","Wangsimni","K210"
"1519","116","수인분당선","127.0664956","37.4891822","개포동","개포동","Gaepo-dong","K219"
"1518","116","수인분당선","127.0593452","37.4870094","구룡","구룡","Guryong","K218"
"1517","116","수인분당선","127.0553677","37.490994","도곡","도곡","Dogok","K217"
"1516","116","수인분당선","127.0528945","37.4962147","한티","한티","Hanti","K216"
"1636","104","경의중앙선","126.7614037","37.7126654","야당","야당","Yadang","K328"
"1515","116","수인분당선","127.0486062","37.5052768","선릉","선릉","Seolleung","K215"
"1404","1","1호선","127.0858115","36.9902563","평택","평택","Pyeongtaek","P165"
"1525","116","수인분당선","127.1290663","37.4321781","모란","모란","Moran","K225"
"1403","1","1호선","127.0704713","37.0188715","평택지제","평택지제","PyeongtaekJije","P164"
"1524","116","수인분당선","127.127755","37.439869","태평","태평","Taepyeong","K224"
"1402","1","1호선","127.0528735","37.0566264","서정리","서정리","Seojeong-ri","P163"
"1523","116","수인분당선","127.1266925","37.4487387","가천대","가천대","Gachon Univ.","K223"
"1401","1","1호선","127.0543827","37.0755124","송탄","송탄","Songtan","P162"
"1522","116","수인분당선","127.1266572","37.4698373","복정","복정","Bokjeong","K222"
"1521","116","수인분당선","127.1009107","37.4879265","수서","수서","Suseo","K221"
"1520","116","수인분당선","127.072761","37.4913748","대모산입구","대모산입구","Daemosan","K220"
"1409","1","1호선","127.136151","36.8014599","봉명","봉명","Bongmyeong","P170"
"1408","1","1호선","127.1464204","36.8101973","천안","천안","Cheonan","P169"
"1529","116","수인분당선","127.1142328","37.3784451","수내","수내","Sunae","K229"
"1407","1","1호선","127.1489002","36.8338773","두정","두정","Dujeong","P168"
"1528","116","수인분당선","127.1234021","37.3849937","서현","서현","Seohyeon","K228"
"1406","1","1호선","127.1437886","36.8708919","직산","직산","Jiksan","P167"
"1527","116","수인분당선","127.128286","37.3958531","이매","이매","Imae","K227"
"1405","1","1호선","127.1269818","36.9160158","성환","성환","Seonghwan","P166"
"1526","116","수인분당선","127.1286745","37.4113197","야탑","야탑","Yatap","K226"
"1415","1","1호선","127.0031778","36.7805415","온양온천","온양온천","Onyang oncheon","P176"
"1536","116","수인분당선","127.1113234","37.2861338","신갈","신갈","Singal","K236"
"1535","116","수인분당선","127.1056769","37.2989066","구성","구성","Guseong","K235"
"1413","1","1호선","127.0528422","36.7775922","배방","배방","Baebang","P174"
"1534","116","수인분당선","127.1073978","37.3245825","죽전","죽전","Jukjeon","K233"
"1533","116","수인분당선","127.1082321","37.3127473","보정","보정","Bojeong","K234"
"1411","1","1호선","127.104573","36.7921184","아산","아산","Asan","P172"
"1532","116","수인분당선","127.1089962","37.3398231","오리","오리","Ori","K232"
"1410","1","1호선","127.1213596","36.7937596","쌍용(나사렛대)","쌍용(나사렛대)","Ssangyong","P171"
"1531","116","수인분당선","127.1089006","37.3507506","미금","미금","Migeum","K231"
"1530","116","수인분당선","127.1080884","37.3661631","정자","정자","Jeongja","K230"
"1539","116","수인분당선","127.0789586","37.25948","청명","청명","Cheongmyeong","K239"
"1538","116","수인분당선","127.1087467","37.2618059","상갈","상갈","Sanggal","K238"
"1416","1","1호선","126.9517949","36.7697881","신창(순천향대)","신창(순천향대)","Sinchang","P177"
"1537","116","수인분당선","127.1159514","37.2756463","기흥","기흥","Giheung","K237"
"1305","104","경의중앙선","127.3730572","37.5255784","신원","신원","Sinwon","K131"
"1304","104","경의중앙선","127.3994612","37.5161955","국수","국수","Guksu","K132"
"1303","104","경의중앙선","127.4432995","37.5139483","아신","아신","Asin","K133"
"1545","116","수인분당선","127.0011398","37.2665472","수원","수원","Suwon","K245"
"1302","104","경의중앙선","127.4918585","37.4926683","양평","양평","Yangpyeong","K135"
"1544","116","수인분당선","127.0157171","37.2655124","매교","매교","Maegyo","K244"
"1301","104","경의중앙선","127.5466435","37.468719","원덕","원덕","Wondeok","K136"
"1543","116","수인분당선","127.0311206","37.2618511","수원시청","수원시청","Suwon City Hall","K243"
"1300","104","경의중앙선","127.5942681","37.482095","용문","용문","Yongmun","K137"
"1542","116","수인분당선","127.0406611","37.2527042","매탄권선","매탄권선","MaetanGwonseon","K242"
"1541","116","수인분당선","127.0573753","37.2458072","망포","망포","Mangpo","K241"
"1540","116","수인분당선","127.0713409","37.2515233","영통","영통","Yeongtong","K240"
"1309","104","경의중앙선","127.2227421","37.5796446","도심","도심","Dosim","K127"
"1308","104","경의중앙선","127.2439137","37.5473258","팔당","팔당","Paldang","K128"
"1307","104","경의중앙선","127.3099366","37.554742","운길산","운길산","Ungilsan","K129"
"1306","104","경의중앙선","127.3291446","37.5459415","양수","양수","Yangsu","K130"
"1316","104","경의중앙선","127.0758326","37.5949042","중랑","중랑","Jungnang","K119"
"1315","104","경의중앙선","127.0923538","37.5993046","망우","망우","Mangu","K121"
"1314","104","경의중앙선","127.1080081","37.6066358","양원","양원","Yangwon","K122"
"1313","104","경의중앙선","127.1434278","37.6032734","구리","구리","Guri","K123"
"1312","104","경의중앙선","127.1611277","37.6087585","도농","도농","Donong","K124"
"1311","104","경의중앙선","127.1947468","37.603994","양정","양정","Yangjeong","K125"
"1310","104","경의중앙선","127.2088138","37.5869169","덕소","덕소","Deokso","K126"
"1318","104","경의중앙선","126.9650028","37.5295775","용산","용산","Yongsan","K110"
"1317","104","경의중앙선","127.0570622","37.5891955","회기","회기","Hoegi","K118"
"901","9","9호선","126.7969922","37.5784637","개화","개화","Gaehwa","901"
"902","9","9호선","126.8027857","37.5618623","김포공항","김포공항","Gimpo Int'l Airport","902"
"903","9","9호선","126.8106594","37.563793","공항시장","공항시장","Airport Market","903"
"904","9","9호선","126.8173535","37.5675126","신방화","신방화","Sinbanghwa","904"
"905","9","9호선","126.8272818","37.5667761","마곡나루","마곡나루","Magongnaru","905"
"906","9","9호선","126.8418407","37.5681281","양천향교","양천향교","Yangcheon Hyanggyo","906"